{
   "1": {
      "name": "Harrogate and Knaresborough"
   },
   "2": {
      "name": "Harrow East"
   },
   "3": {
      "name": "Harrow West"
   },
   "4": {
      "name": "Hartlepool"
   },
   "5": {
      "name": "Harwich and North Essex"
   },
   "6": {
      "name": "Hastings and Rye"
   },
   "7": {
      "name": "Havant"
   },
   "8": {
      "name": "Hayes and Harlington"
   },
   "9": {
      "name": "Hazel Grove"
   },
   "10": {
      "name": "Hemel Hempstead"
   },
   "11": {
      "name": "Hemsworth"
   },
   "12": {
      "name": "Hendon"
   },
   "13": {
      "name": "Henley"
   },
   "14": {
      "name": "Hereford and South Herefordshire"
   },
   "15": {
      "name": "Hertford and Stortford"
   },
   "16": {
      "name": "Leeds North West"
   },
   "17": {
      "name": "Hertsmere"
   },
   "18": {
      "name": "Aldershot"
   },
   "19": {
      "name": "Cheltenham"
   },
   "20": {
      "name": "Hexham"
   },
   "21": {
      "name": "Newbury"
   },
   "22": {
      "name": "Leeds West"
   },
   "23": {
      "name": "Heywood and Middleton"
   },
   "24": {
      "name": "Chesham and Amersham"
   },
   "25": {
      "name": "Aldridge-Brownhills"
   },
   "26": {
      "name": "High Peak"
   },
   "27": {
      "name": "Chesterfield"
   },
   "28": {
      "name": "Altrincham and Sale West"
   },
   "29": {
      "name": "Leicester East"
   },
   "30": {
      "name": "Amber Valley"
   },
   "31": {
      "name": "Chichester"
   },
   "32": {
      "name": "Leicester South"
   },
   "33": {
      "name": "Newcastle upon Tyne Central"
   },
   "34": {
      "name": "Arundel and South Downs"
   },
   "35": {
      "name": "Chingford and Woodford Green"
   },
   "36": {
      "name": "Leicester West"
   },
   "37": {
      "name": "Hitchin and Harpenden"
   },
   "38": {
      "name": "Newcastle upon Tyne East"
   },
   "39": {
      "name": "Ashfield"
   },
   "40": {
      "name": "Chippenham"
   },
   "41": {
      "name": "Leigh"
   },
   "42": {
      "name": "Holborn and St Pancras"
   },
   "43": {
      "name": "Chipping Barnet"
   },
   "44": {
      "name": "Lewes"
   },
   "45": {
      "name": "Ashford"
   },
   "46": {
      "name": "Newcastle upon Tyne North"
   },
   "47": {
      "name": "Lewisham East"
   },
   "48": {
      "name": "Ashton-under-Lyne"
   },
   "49": {
      "name": "Chorley"
   },
   "50": {
      "name": "Hornchurch and Upminster"
   },
   "51": {
      "name": "East Hampshire"
   },
   "52": {
      "name": "East Surrey"
   },
   "53": {
      "name": "Christchurch"
   },
   "54": {
      "name": "Hornsey and Wood Green"
   },
   "55": {
      "name": "Aylesbury"
   },
   "56": {
      "name": "Lewisham West and Penge"
   },
   "57": {
      "name": "Newcastle-under-Lyme"
   },
   "58": {
      "name": "Cities of London and Westminster"
   },
   "59": {
      "name": "East Worthing and Shoreham"
   },
   "60": {
      "name": "Lewisham, Deptford"
   },
   "61": {
      "name": "Horsham"
   },
   "62": {
      "name": "Banbury"
   },
   "63": {
      "name": "East Yorkshire"
   },
   "64": {
      "name": "City of Chester"
   },
   "65": {
      "name": "Newton Abbot"
   },
   "66": {
      "name": "Houghton and Sunderland South"
   },
   "67": {
      "name": "Leyton and Wanstead"
   },
   "68": {
      "name": "Barking"
   },
   "69": {
      "name": "City of Durham"
   },
   "70": {
      "name": "Eastbourne"
   },
   "71": {
      "name": "Hove"
   },
   "72": {
      "name": "Lichfield"
   },
   "73": {
      "name": "Barnsley Central"
   },
   "74": {
      "name": "Normanton, Pontefract and Castleford"
   },
   "75": {
      "name": "Clacton"
   },
   "76": {
      "name": "Huddersfield"
   },
   "77": {
      "name": "Barnsley East"
   },
   "78": {
      "name": "Eastleigh"
   },
   "79": {
      "name": "Lincoln"
   },
   "80": {
      "name": "Eddisbury"
   },
   "81": {
      "name": "Huntingdon"
   },
   "82": {
      "name": "Liverpool, Riverside"
   },
   "83": {
      "name": "Barrow and Furness"
   },
   "84": {
      "name": "Cleethorpes"
   },
   "85": {
      "name": "Edmonton"
   },
   "86": {
      "name": "Hyndburn"
   },
   "87": {
      "name": "Ilford North"
   },
   "88": {
      "name": "Ellesmere Port and Neston"
   },
   "89": {
      "name": "Basildon and Billericay"
   },
   "90": {
      "name": "Colchester"
   },
   "91": {
      "name": "Liverpool, Walton"
   },
   "92": {
      "name": "Elmet and Rothwell"
   },
   "93": {
      "name": "Ilford South"
   },
   "94": {
      "name": "Colne Valley"
   },
   "95": {
      "name": "Liverpool, Wavertree"
   },
   "96": {
      "name": "Basingstoke"
   },
   "97": {
      "name": "Eltham"
   },
   "98": {
      "name": "Ipswich"
   },
   "99": {
      "name": "Enfield North"
   },
   "100": {
      "name": "Isle of Wight"
   },
   "101": {
      "name": "Liverpool, West Derby"
   },
   "102": {
      "name": "Bassetlaw"
   },
   "103": {
      "name": "Congleton"
   },
   "104": {
      "name": "Enfield, Southgate"
   },
   "105": {
      "name": "Islington North"
   },
   "106": {
      "name": "Islington South and Finsbury"
   },
   "107": {
      "name": "Epping Forest"
   },
   "108": {
      "name": "Bath"
   },
   "109": {
      "name": "Copeland"
   },
   "110": {
      "name": "Loughborough"
   },
   "111": {
      "name": "Epsom and Ewell"
   },
   "112": {
      "name": "Jarrow"
   },
   "113": {
      "name": "Corby"
   },
   "114": {
      "name": "Louth and Horncastle"
   },
   "115": {
      "name": "Batley and Spen"
   },
   "116": {
      "name": "Bolton West"
   },
   "117": {
      "name": "Keighley"
   },
   "118": {
      "name": "Erewash"
   },
   "119": {
      "name": "Ludlow"
   },
   "120": {
      "name": "Battersea"
   },
   "121": {
      "name": "Coventry North East"
   },
   "122": {
      "name": "Bootle"
   },
   "123": {
      "name": "Kenilworth and Southam"
   },
   "124": {
      "name": "Erith and Thamesmead"
   },
   "125": {
      "name": "Luton North"
   },
   "126": {
      "name": "Boston and Skegness"
   },
   "127": {
      "name": "Beaconsfield"
   },
   "128": {
      "name": "Coventry North West"
   },
   "129": {
      "name": "Kensington"
   },
   "130": {
      "name": "Esher and Walton"
   },
   "131": {
      "name": "Coventry South"
   },
   "132": {
      "name": "Bosworth"
   },
   "133": {
      "name": "Beckenham"
   },
   "134": {
      "name": "Luton South"
   },
   "135": {
      "name": "Exeter"
   },
   "136": {
      "name": "Kettering"
   },
   "137": {
      "name": "Crawley"
   },
   "138": {
      "name": "Bournemouth East"
   },
   "139": {
      "name": "Bedford"
   },
   "140": {
      "name": "Macclesfield"
   },
   "141": {
      "name": "Fareham"
   },
   "142": {
      "name": "Kingston and Surbiton"
   },
   "143": {
      "name": "Crewe and Nantwich"
   },
   "144": {
      "name": "Bournemouth West"
   },
   "145": {
      "name": "Bermondsey and Old Southwark"
   },
   "146": {
      "name": "Maidenhead"
   },
   "147": {
      "name": "Faversham and Mid Kent"
   },
   "148": {
      "name": "Kingston upon Hull East"
   },
   "149": {
      "name": "North Cornwall"
   },
   "150": {
      "name": "Maidstone and The Weald"
   },
   "151": {
      "name": "Croydon Central"
   },
   "152": {
      "name": "Bracknell"
   },
   "153": {
      "name": "Berwick-upon-Tweed"
   },
   "154": {
      "name": "Feltham and Heston"
   },
   "155": {
      "name": "Kingston upon Hull North"
   },
   "156": {
      "name": "Makerfield"
   },
   "157": {
      "name": "Croydon North"
   },
   "158": {
      "name": "Bethnal Green and Bow"
   },
   "159": {
      "name": "Filton and Bradley Stoke"
   },
   "160": {
      "name": "Bradford East"
   },
   "161": {
      "name": "North Devon"
   },
   "162": {
      "name": "Plymouth, Sutton and Devonport"
   },
   "163": {
      "name": "Finchley and Golders Green"
   },
   "164": {
      "name": "Bradford South"
   },
   "165": {
      "name": "Kingston upon Hull West and Hessle"
   },
   "166": {
      "name": "Beverley and Holderness"
   },
   "167": {
      "name": "Croydon South"
   },
   "168": {
      "name": "Maldon"
   },
   "169": {
      "name": "Kingswood"
   },
   "170": {
      "name": "Bexhill and Battle"
   },
   "171": {
      "name": "Folkestone and Hythe"
   },
   "172": {
      "name": "Dagenham and Rainham"
   },
   "173": {
      "name": "Manchester Central"
   },
   "174": {
      "name": "Bradford West"
   },
   "175": {
      "name": "Poole"
   },
   "176": {
      "name": "North Dorset"
   },
   "177": {
      "name": "Knowsley"
   },
   "178": {
      "name": "Bexleyheath and Crayford"
   },
   "179": {
      "name": "Forest of Dean"
   },
   "180": {
      "name": "Manchester, Gorton"
   },
   "181": {
      "name": "Braintree"
   },
   "182": {
      "name": "Darlington"
   },
   "183": {
      "name": "North Durham"
   },
   "184": {
      "name": "Poplar and Limehouse"
   },
   "185": {
      "name": "Birkenhead"
   },
   "186": {
      "name": "Lancaster and Fleetwood"
   },
   "187": {
      "name": "Fylde"
   },
   "188": {
      "name": "Manchester, Withington"
   },
   "189": {
      "name": "Brent Central"
   },
   "190": {
      "name": "Dartford"
   },
   "191": {
      "name": "Leeds Central"
   },
   "192": {
      "name": "Birmingham, Edgbaston"
   },
   "193": {
      "name": "Gainsborough"
   },
   "194": {
      "name": "Mansfield"
   },
   "195": {
      "name": "Brent North"
   },
   "196": {
      "name": "Daventry"
   },
   "197": {
      "name": "Portsmouth North "
   },
   "198": {
      "name": "North East Bedfordshire"
   },
   "199": {
      "name": "Leeds East"
   },
   "200": {
      "name": "Garston and Halewood"
   },
   "201": {
      "name": "Denton and Reddish"
   },
   "202": {
      "name": "Leeds North East"
   },
   "203": {
      "name": "Brentford and Isleworth"
   },
   "204": {
      "name": "Birmingham, Erdington"
   },
   "205": {
      "name": "North East Cambridgeshire"
   },
   "206": {
      "name": "Meon Valley"
   },
   "207": {
      "name": "Portsmouth South"
   },
   "208": {
      "name": "Gateshead"
   },
   "209": {
      "name": "Derby North"
   },
   "210": {
      "name": "Birmingham, Hall Green"
   },
   "211": {
      "name": "Brentwood and Ongar"
   },
   "212": {
      "name": "Meriden"
   },
   "213": {
      "name": "Preston"
   },
   "214": {
      "name": "North East Derbyshire"
   },
   "215": {
      "name": "Gedling"
   },
   "216": {
      "name": "Birmingham, Hodge Hill"
   },
   "217": {
      "name": "Derby South"
   },
   "218": {
      "name": "Bridgwater and West Somerset"
   },
   "219": {
      "name": "Mid Bedfordshire"
   },
   "220": {
      "name": "Gillingham and Rainham"
   },
   "221": {
      "name": "Birmingham, Ladywood"
   },
   "222": {
      "name": "Derbyshire Dales"
   },
   "223": {
      "name": "Brigg and Goole"
   },
   "224": {
      "name": "Mid Derbyshire"
   },
   "225": {
      "name": "North East Hampshire"
   },
   "226": {
      "name": "Pudsey"
   },
   "227": {
      "name": "Gloucester"
   },
   "228": {
      "name": "Birmingham, Northfield"
   },
   "229": {
      "name": "Brighton, Kemptown"
   },
   "230": {
      "name": "Devizes"
   },
   "231": {
      "name": "Mid Dorset and North Poole"
   },
   "232": {
      "name": "North East Hertfordshire"
   },
   "233": {
      "name": "Gosport"
   },
   "234": {
      "name": "Mid Norfolk"
   },
   "235": {
      "name": "Dewsbury"
   },
   "236": {
      "name": "Brighton, Pavilion"
   },
   "237": {
      "name": "Birmingham, Perry Barr"
   },
   "238": {
      "name": "North East Somerset"
   },
   "239": {
      "name": "Putney"
   },
   "240": {
      "name": "Grantham and Stamford"
   },
   "241": {
      "name": "Bristol East"
   },
   "242": {
      "name": "Birmingham, Selly Oak"
   },
   "243": {
      "name": "Mid Sussex"
   },
   "244": {
      "name": "Don Valley"
   },
   "245": {
      "name": "Gravesham"
   },
   "246": {
      "name": "Doncaster Central"
   },
   "247": {
      "name": "Bristol North West"
   },
   "248": {
      "name": "Birmingham, Yardley"
   },
   "249": {
      "name": "Mid Worcestershire"
   },
   "250": {
      "name": "Rayleigh and Wickford"
   },
   "251": {
      "name": "North Herefordshire"
   },
   "252": {
      "name": "Great Grimsby"
   },
   "253": {
      "name": "Middlesbrough"
   },
   "254": {
      "name": "Doncaster North"
   },
   "255": {
      "name": "Bristol South"
   },
   "256": {
      "name": "Bishop Auckland"
   },
   "257": {
      "name": "North Norfolk"
   },
   "258": {
      "name": "Reading East"
   },
   "259": {
      "name": "Great Yarmouth"
   },
   "260": {
      "name": "Middlesbrough South and East Cleveland"
   },
   "261": {
      "name": "Dover"
   },
   "262": {
      "name": "Bristol West"
   },
   "263": {
      "name": "Blackburn"
   },
   "264": {
      "name": "Greenwich and Woolwich"
   },
   "265": {
      "name": "Broadland"
   },
   "266": {
      "name": "Dudley North"
   },
   "267": {
      "name": "Milton Keynes North"
   },
   "268": {
      "name": "Blackley and Broughton"
   },
   "269": {
      "name": "Reading West"
   },
   "270": {
      "name": "North Shropshire"
   },
   "271": {
      "name": "Guildford"
   },
   "272": {
      "name": "Milton Keynes South"
   },
   "273": {
      "name": "Blackpool North and Cleveleys"
   },
   "274": {
      "name": "Dudley South"
   },
   "275": {
      "name": "Bromley and Chislehurst"
   },
   "276": {
      "name": "North Somerset"
   },
   "277": {
      "name": "Redcar"
   },
   "278": {
      "name": "Hackney North and Stoke Newington"
   },
   "279": {
      "name": "Bromsgrove"
   },
   "280": {
      "name": "Mitcham and Morden"
   },
   "281": {
      "name": "Blackpool South"
   },
   "282": {
      "name": "Dulwich and West Norwood"
   },
   "283": {
      "name": "Hackney South and Shoreditch"
   },
   "284": {
      "name": "Broxbourne"
   },
   "285": {
      "name": "Blaydon"
   },
   "286": {
      "name": "Ealing Central and Acton"
   },
   "287": {
      "name": "Mole Valley"
   },
   "288": {
      "name": "Redditch"
   },
   "289": {
      "name": "North Swindon"
   },
   "290": {
      "name": "Halesowen and Rowley Regis"
   },
   "291": {
      "name": "Blyth Valley"
   },
   "292": {
      "name": "Broxtowe"
   },
   "293": {
      "name": "Ealing North"
   },
   "294": {
      "name": "Morecambe and Lunesdale"
   },
   "295": {
      "name": "Bognor Regis and Littlehampton"
   },
   "296": {
      "name": "Buckingham"
   },
   "297": {
      "name": "Ealing, Southall"
   },
   "298": {
      "name": "North Thanet"
   },
   "299": {
      "name": "Morley and Outwood"
   },
   "300": {
      "name": "Reigate"
   },
   "301": {
      "name": "Halifax"
   },
   "302": {
      "name": "Burnley"
   },
   "303": {
      "name": "Bolsover"
   },
   "304": {
      "name": "Easington"
   },
   "305": {
      "name": "New Forest East"
   },
   "306": {
      "name": "Haltemprice and Howden"
   },
   "307": {
      "name": "North Tyneside"
   },
   "308": {
      "name": "New Forest West"
   },
   "309": {
      "name": "Bolton North East"
   },
   "310": {
      "name": "East Devon"
   },
   "311": {
      "name": "Burton"
   },
   "312": {
      "name": "Halton"
   },
   "313": {
      "name": "Bury North"
   },
   "314": {
      "name": "Bolton South East"
   },
   "315": {
      "name": "East Ham"
   },
   "316": {
      "name": "North Warwickshire"
   },
   "317": {
      "name": "Newark"
   },
   "318": {
      "name": "Ribble Valley"
   },
   "319": {
      "name": "Hammersmith"
   },
   "320": {
      "name": "Bury South"
   },
   "321": {
      "name": "Hampstead and Kilburn"
   },
   "322": {
      "name": "Richmond (Yorks)"
   },
   "323": {
      "name": "North West Cambridgeshire"
   },
   "324": {
      "name": "Bury St Edmunds"
   },
   "325": {
      "name": "Harborough"
   },
   "326": {
      "name": "Calder Valley"
   },
   "327": {
      "name": "Harlow"
   },
   "328": {
      "name": "North West Durham"
   },
   "329": {
      "name": "Richmond Park"
   },
   "330": {
      "name": "Camberwell and Peckham"
   },
   "331": {
      "name": "Camborne and Redruth"
   },
   "332": {
      "name": "Rochdale"
   },
   "333": {
      "name": "North West Hampshire"
   },
   "334": {
      "name": "Cambridge"
   },
   "335": {
      "name": "North West Leicestershire"
   },
   "336": {
      "name": "Rochester and Strood"
   },
   "337": {
      "name": "Cannock Chase"
   },
   "338": {
      "name": "Canterbury"
   },
   "339": {
      "name": "Rochford and Southend East"
   },
   "340": {
      "name": "North West Norfolk"
   },
   "341": {
      "name": "Carlisle"
   },
   "342": {
      "name": "North Wiltshire"
   },
   "343": {
      "name": "Romford"
   },
   "344": {
      "name": "Carshalton and Wallington"
   },
   "345": {
      "name": "Castle Point"
   },
   "346": {
      "name": "Central Devon"
   },
   "347": {
      "name": "Central Suffolk and North Ipswich"
   },
   "348": {
      "name": "Romsey and Southampton North"
   },
   "349": {
      "name": "Northampton North"
   },
   "350": {
      "name": "Charnwood"
   },
   "351": {
      "name": "Northampton South"
   },
   "352": {
      "name": "Rossendale and Darwen"
   },
   "353": {
      "name": "Chatham and Aylesford"
   },
   "354": {
      "name": "Cheadle"
   },
   "355": {
      "name": "Rother Valley"
   },
   "356": {
      "name": "Norwich North"
   },
   "357": {
      "name": "Chelmsford"
   },
   "358": {
      "name": "Chelsea and Fulham"
   },
   "359": {
      "name": "Norwich South"
   },
   "360": {
      "name": "Rotherham"
   },
   "361": {
      "name": "Rugby"
   },
   "362": {
      "name": "Nottingham East"
   },
   "363": {
      "name": "Nottingham North"
   },
   "364": {
      "name": "Ruislip, Northwood and Pinner"
   },
   "365": {
      "name": "Runnymede and Weybridge"
   },
   "366": {
      "name": "Nottingham South"
   },
   "367": {
      "name": "Nuneaton"
   },
   "368": {
      "name": "Rushcliffe"
   },
   "369": {
      "name": "Rutland and Melton"
   },
   "370": {
      "name": "Old Bexley and Sidcup"
   },
   "371": {
      "name": "Oldham East and Saddleworth"
   },
   "372": {
      "name": "Saffron Walden"
   },
   "373": {
      "name": "Salford and Eccles"
   },
   "374": {
      "name": "Oldham West and Royton"
   },
   "375": {
      "name": "Orpington"
   },
   "376": {
      "name": "Salisbury"
   },
   "377": {
      "name": "Scarborough and Whitby"
   },
   "378": {
      "name": "Oxford East"
   },
   "379": {
      "name": "Oxford West and Abingdon"
   },
   "380": {
      "name": "Scunthorpe"
   },
   "381": {
      "name": "Sedgefield"
   },
   "382": {
      "name": "Pendle"
   },
   "383": {
      "name": "Penistone and Stocksbridge"
   },
   "384": {
      "name": "Sefton Central"
   },
   "385": {
      "name": "Selby and Ainsty"
   },
   "386": {
      "name": "Penrith and The Border"
   },
   "387": {
      "name": "Peterborough"
   },
   "388": {
      "name": "Sevenoaks"
   },
   "389": {
      "name": "Sheffield Central"
   },
   "390": {
      "name": "Plymouth, Moor View"
   },
   "391": {
      "name": "Sheffield South East"
   },
   "392": {
      "name": "Sheffield, Brightside and Hillsborough"
   },
   "393": {
      "name": "Sheffield, Hallam"
   },
   "394": {
      "name": "Sheffield, Heeley"
   },
   "395": {
      "name": "Sherwood"
   },
   "396": {
      "name": "Shipley"
   },
   "397": {
      "name": "Shrewsbury and Atcham"
   },
   "398": {
      "name": "Sittingbourne and Sheppey"
   },
   "399": {
      "name": "Skipton and Ripon"
   },
   "400": {
      "name": "Sleaford and North Hykeham"
   },
   "401": {
      "name": "Slough"
   },
   "402": {
      "name": "Solihull"
   },
   "403": {
      "name": "Somerton and Frome"
   },
   "404": {
      "name": "South Basildon and East Thurrock"
   },
   "405": {
      "name": "West Bromwich West"
   },
   "406": {
      "name": "South Cambridgeshire"
   },
   "407": {
      "name": "West Tyrone"
   },
   "408": {
      "name": "Ochil and South Perthshire"
   },
   "409": {
      "name": "Stroud"
   },
   "410": {
      "name": "West Dorset"
   },
   "411": {
      "name": "Aberdeen North"
   },
   "412": {
      "name": "Orkney and Shetland"
   },
   "413": {
      "name": "South Derbyshire"
   },
   "414": {
      "name": "Suffolk Coastal"
   },
   "415": {
      "name": "West Ham"
   },
   "416": {
      "name": "Aberdeen South"
   },
   "417": {
      "name": "Paisley and Renfrewshire North"
   },
   "418": {
      "name": "Sunderland Central"
   },
   "419": {
      "name": "West Lancashire"
   },
   "420": {
      "name": "Airdrie and Shotts"
   },
   "421": {
      "name": "Paisley and Renfrewshire South"
   },
   "422": {
      "name": "Surrey Heath"
   },
   "423": {
      "name": "West Suffolk"
   },
   "424": {
      "name": "Angus"
   },
   "425": {
      "name": "Perth and North Perthshire"
   },
   "426": {
      "name": "Sutton and Cheam"
   },
   "427": {
      "name": "West Worcestershire"
   },
   "428": {
      "name": "Argyll and Bute"
   },
   "429": {
      "name": "Ross, Skye and Lochaber"
   },
   "430": {
      "name": "Sutton Coldfield"
   },
   "431": {
      "name": "Ayr, Carrick and Cumnock"
   },
   "432": {
      "name": "Rutherglen and Hamilton West"
   },
   "433": {
      "name": "Tamworth"
   },
   "434": {
      "name": "Westminster North"
   },
   "435": {
      "name": "Banff and Buchan"
   },
   "436": {
      "name": "Stirling"
   },
   "437": {
      "name": "Tatton"
   },
   "438": {
      "name": "Westmorland and Lonsdale"
   },
   "439": {
      "name": "Berwickshire, Roxburgh and Selkirk"
   },
   "440": {
      "name": "West Aberdeenshire and Kincardine"
   },
   "441": {
      "name": "Taunton Deane"
   },
   "442": {
      "name": "Weston-Super-Mare"
   },
   "443": {
      "name": "Caithness, Sutherland and Easter Ross"
   },
   "444": {
      "name": "West Dunbartonshire"
   },
   "445": {
      "name": "Telford"
   },
   "446": {
      "name": "Wigan"
   },
   "447": {
      "name": "Central Ayrshire"
   },
   "448": {
      "name": "Ynys M̫n"
   },
   "449": {
      "name": "Tewkesbury"
   },
   "450": {
      "name": "Wimbledon"
   },
   "451": {
      "name": "Coatbridge, Chryston and Bellshill"
   },
   "452": {
      "name": "Winchester"
   },
   "453": {
      "name": "Delyn"
   },
   "454": {
      "name": "The Cotswolds"
   },
   "455": {
      "name": "Cumbernauld, Kilsyth and Kirkintilloch East"
   },
   "456": {
      "name": "Alyn and Deeside"
   },
   "457": {
      "name": "Windsor"
   },
   "458": {
      "name": "The Wrekin"
   },
   "459": {
      "name": "Dumfries and Galloway"
   },
   "460": {
      "name": "Wrexham"
   },
   "461": {
      "name": "Wirral South"
   },
   "462": {
      "name": "Llanelli"
   },
   "463": {
      "name": "Dumfriesshire, Clydesdale and Tweeddale"
   },
   "464": {
      "name": "Thirsk and Malton"
   },
   "465": {
      "name": "Wirral West"
   },
   "466": {
      "name": "Dundee East"
   },
   "467": {
      "name": "Gower"
   },
   "468": {
      "name": "Witham"
   },
   "469": {
      "name": "Thornbury and Yate"
   },
   "470": {
      "name": "Swansea West"
   },
   "471": {
      "name": "Dundee West"
   },
   "472": {
      "name": "Witney"
   },
   "473": {
      "name": "Thurrock"
   },
   "474": {
      "name": "Swansea East"
   },
   "475": {
      "name": "Dunfermline and West Fife"
   },
   "476": {
      "name": "Woking"
   },
   "477": {
      "name": "Tiverton and Honiton"
   },
   "478": {
      "name": "East Dunbartonshire"
   },
   "479": {
      "name": "Aberavon"
   },
   "480": {
      "name": "Tonbridge and Malling"
   },
   "481": {
      "name": "Wokingham"
   },
   "482": {
      "name": "East Kilbride, Strathaven and Lesmahagow"
   },
   "483": {
      "name": "Cardiff Central"
   },
   "484": {
      "name": "Wolverhampton North East"
   },
   "485": {
      "name": "Tooting"
   },
   "486": {
      "name": "East Lothian"
   },
   "487": {
      "name": "Cardiff North"
   },
   "488": {
      "name": "Rhondda"
   },
   "489": {
      "name": "East Renfrewshire"
   },
   "490": {
      "name": "Torbay"
   },
   "491": {
      "name": "Wolverhampton South East"
   },
   "492": {
      "name": "Edinburgh East"
   },
   "493": {
      "name": "Torfaen"
   },
   "494": {
      "name": "Torridge and West Devon"
   },
   "495": {
      "name": "Wolverhampton South West"
   },
   "496": {
      "name": "Edinburgh North and Leith"
   },
   "497": {
      "name": "Monmouth"
   },
   "498": {
      "name": "Totnes"
   },
   "499": {
      "name": "Worcester"
   },
   "500": {
      "name": "Edinburgh South"
   },
   "501": {
      "name": "Newport East"
   },
   "502": {
      "name": "Tottenham"
   },
   "503": {
      "name": "Workington"
   },
   "504": {
      "name": "Edinburgh South West"
   },
   "505": {
      "name": "Newport West"
   },
   "506": {
      "name": "Worsley and Eccles South"
   },
   "507": {
      "name": "Truro and Falmouth"
   },
   "508": {
      "name": "Arfon"
   },
   "509": {
      "name": "Edinburgh West"
   },
   "510": {
      "name": "Tunbridge Wells"
   },
   "511": {
      "name": "Worthing West"
   },
   "512": {
      "name": "Aberconwy"
   },
   "513": {
      "name": "Na h-Eileanan an Iar"
   },
   "514": {
      "name": "Wycombe"
   },
   "515": {
      "name": "Twickenham"
   },
   "516": {
      "name": "Clwyd West"
   },
   "517": {
      "name": "Falkirk"
   },
   "518": {
      "name": "Wyre and Preston North"
   },
   "519": {
      "name": "Tynemouth"
   },
   "520": {
      "name": "Vale of Clwyd"
   },
   "521": {
      "name": "Glasgow Central"
   },
   "522": {
      "name": "Uxbridge and South Ruislip"
   },
   "523": {
      "name": "Wyre Forest"
   },
   "524": {
      "name": "Dwyfor Meirionnydd"
   },
   "525": {
      "name": "Glasgow East"
   },
   "526": {
      "name": "Wythenshawe and Sale East"
   },
   "527": {
      "name": "Vauxhall"
   },
   "528": {
      "name": "Clwyd South"
   },
   "529": {
      "name": "Glasgow North"
   },
   "530": {
      "name": "Wakefield"
   },
   "531": {
      "name": "Yeovil"
   },
   "532": {
      "name": "Montgomeryshire"
   },
   "533": {
      "name": "Glasgow North East"
   },
   "534": {
      "name": "York Central"
   },
   "535": {
      "name": "Wallasey"
   },
   "536": {
      "name": "Ceredigion"
   },
   "537": {
      "name": "Glasgow North West"
   },
   "538": {
      "name": "York Outer"
   },
   "539": {
      "name": "Walsall North"
   },
   "540": {
      "name": "Preseli Pembrokeshire"
   },
   "541": {
      "name": "Glasgow South"
   },
   "542": {
      "name": "Walsall South"
   },
   "543": {
      "name": "Belfast East"
   },
   "544": {
      "name": "Carmarthen West and South Pembrokeshire"
   },
   "545": {
      "name": "Glasgow South West"
   },
   "546": {
      "name": "Walthamstow"
   },
   "547": {
      "name": "Belfast North"
   },
   "548": {
      "name": "Carmarthen East and Dinefwr"
   },
   "549": {
      "name": "Glenrothes"
   },
   "550": {
      "name": "Wansbeck"
   },
   "551": {
      "name": "Brecon and Radnorshire"
   },
   "552": {
      "name": "Gordon"
   },
   "553": {
      "name": "Wantage"
   },
   "554": {
      "name": "Belfast South"
   },
   "555": {
      "name": "Neath"
   },
   "556": {
      "name": "Inverclyde"
   },
   "557": {
      "name": "Warley"
   },
   "558": {
      "name": "Belfast West"
   },
   "559": {
      "name": "Cynon Valley"
   },
   "560": {
      "name": "Inverness, Nairn, Badenoch and Strathspey"
   },
   "561": {
      "name": "Warrington North"
   },
   "562": {
      "name": "Merthyr Tydfil and Rhymney"
   },
   "563": {
      "name": "East Antrim"
   },
   "564": {
      "name": "Kilmarnock and Loudoun"
   },
   "565": {
      "name": "Kirkcaldy and Cowdenbeath"
   },
   "566": {
      "name": "East Londonderry"
   },
   "567": {
      "name": "Warrington South"
   },
   "568": {
      "name": "Blaenau Gwent"
   },
   "569": {
      "name": "Lanark and Hamilton East"
   },
   "570": {
      "name": "Fermanagh and South Tyrone"
   },
   "571": {
      "name": "Bridgend"
   },
   "572": {
      "name": "Warwick and Leamington"
   },
   "573": {
      "name": "Linlithgow and East Falkirk"
   },
   "574": {
      "name": "Foyle"
   },
   "575": {
      "name": "Ogmore"
   },
   "576": {
      "name": "Washington and Sunderland West"
   },
   "577": {
      "name": "Livingston"
   },
   "578": {
      "name": "Lagan Valley"
   },
   "579": {
      "name": "Pontypridd"
   },
   "580": {
      "name": "Watford"
   },
   "581": {
      "name": "Midlothian"
   },
   "582": {
      "name": "Caerphilly"
   },
   "583": {
      "name": "Mid Ulster"
   },
   "584": {
      "name": "Waveney"
   },
   "585": {
      "name": "Moray"
   },
   "586": {
      "name": "Islwyn"
   },
   "587": {
      "name": "Newry and Armagh"
   },
   "588": {
      "name": "Wealden"
   },
   "589": {
      "name": "Motherwell and Wishaw"
   },
   "590": {
      "name": "Vale of Glamorgan"
   },
   "591": {
      "name": "Weaver Vale"
   },
   "592": {
      "name": "North Antrim"
   },
   "593": {
      "name": "North Ayrshire and Arran"
   },
   "594": {
      "name": "Cardiff West"
   },
   "595": {
      "name": "North East Fife"
   },
   "596": {
      "name": "Cardiff South and Penarth"
   },
   "597": {
      "name": "North Down"
   },
   "598": {
      "name": "Wellingborough"
   },
   "599": {
      "name": "South Antrim"
   },
   "600": {
      "name": "Wells"
   },
   "601": {
      "name": "Welwyn Hatfield"
   },
   "602": {
      "name": "South Down"
   },
   "603": {
      "name": "Wentworth and Dearne"
   },
   "604": {
      "name": "Strangford"
   },
   "605": {
      "name": "West Bromwich East"
   },
   "606": {
      "name": "Upper Bann"
   },
   "607": {
      "name": "South Dorset"
   },
   "608": {
      "name": "South East Cambridgeshire"
   },
   "609": {
      "name": "South East Cornwall"
   },
   "610": {
      "name": "South Holland and The Deepings"
   },
   "611": {
      "name": "South Leicestershire"
   },
   "612": {
      "name": "South Norfolk"
   },
   "613": {
      "name": "South Northamptonshire"
   },
   "614": {
      "name": "South Ribble"
   },
   "615": {
      "name": "South Shields"
   },
   "616": {
      "name": "South Staffordshire"
   },
   "617": {
      "name": "South Suffolk"
   },
   "618": {
      "name": "South Swindon"
   },
   "619": {
      "name": "South Thanet"
   },
   "620": {
      "name": "South West Bedfordshire"
   },
   "621": {
      "name": "South West Devon"
   },
   "622": {
      "name": "South West Hertfordshire"
   },
   "623": {
      "name": "South West Norfolk"
   },
   "624": {
      "name": "South West Surrey"
   },
   "625": {
      "name": "South West Wiltshire"
   },
   "626": {
      "name": "Southampton, Itchen"
   },
   "627": {
      "name": "Southampton, Test"
   },
   "628": {
      "name": "Southend West"
   },
   "629": {
      "name": "Southport"
   },
   "630": {
      "name": "Spelthorne"
   },
   "631": {
      "name": "St Albans"
   },
   "632": {
      "name": "St Austell and Newquay"
   },
   "633": {
      "name": "St Helens North"
   },
   "634": {
      "name": "St Helens South and Whiston"
   },
   "635": {
      "name": "St Ives"
   },
   "636": {
      "name": "Stafford"
   },
   "637": {
      "name": "Staffordshire Moorlands"
   },
   "638": {
      "name": "Stalybridge and Hyde"
   },
   "639": {
      "name": "Stevenage"
   },
   "640": {
      "name": "Stockport"
   },
   "641": {
      "name": "Stockton North"
   },
   "642": {
      "name": "Stockton South"
   },
   "643": {
      "name": "Stoke-on-Trent Central"
   },
   "644": {
      "name": "Stoke-on-Trent North"
   },
   "645": {
      "name": "Stoke-on-Trent South"
   },
   "646": {
      "name": "Stone"
   },
   "647": {
      "name": "Stourbridge"
   },
   "648": {
      "name": "Stratford-on-Avon"
   },
   "649": {
      "name": "Streatham"
   },
   "650": {
      "name": "Stretford and Urmston"
   }
}
